n1.name,n1.identifier,n2.name,n2.identifier,r.cell_line,r.pubmed_id,r.source,r.statistic_score
CNOT1,23019,RPL38,6169,Jurkat,31300006,CRISPR/CRISPRi,0.18
CNOT1,23019,RPS10-NUDT3,100529239,K562,31300006,CRISPR/CRISPRi,0.42
CNOT1,23019,NUF2,83540,K562,31300006,CRISPR/CRISPRi,0.13
ALK,238,RUNX1,861,Hela,31300006,CRISPR/CRISPRi,0.86
ALK,238,ARID2,196528,Hela,31300006,CRISPR/CRISPRi,0.37
ALK,238,CDKN2A,1029,Hela,31300006,CRISPR/CRISPRi,0.83
KDM1A,23028,RPS10-NUDT3,100529239,K562;Jurkat,31300006,CRISPR/CRISPRi,0.14
BTK,695,MTOR,2475,A549,31300006,CRISPR/CRISPRi,0.1
EIF3D,8664,RRM2,6241,Jurkat,31300006,CRISPR/CRISPRi,0.0
NOL10,79954,RPS10-NUDT3,100529239,K562,31300006,CRISPR/CRISPRi,0.51
LUC7L3,51747,RRM2,6241,Jurkat,31300006,CRISPR/CRISPRi,0.03
LUC7L3,51747,MRPL19,9801,Jurkat,31300006,CRISPR/CRISPRi,0.0
LUC7L3,51747,UBA2,10054,Jurkat,31300006,CRISPR/CRISPRi,0.0
DDX23,9416,DONSON,29980,Jurkat,31300006,CRISPR/CRISPRi,0.0
DDX23,9416,MCM3AP,8888,Jurkat,31300006,CRISPR/CRISPRi,0.22
DDX23,9416,MRPS21,54460,Jurkat,31300006,CRISPR/CRISPRi,0.01
DDX23,9416,RBM25,58517,Jurkat,31300006,CRISPR/CRISPRi,0.01
DDX23,9416,SNAPC1,6617,K562,31300006,CRISPR/CRISPRi,0.4
DDX23,9416,NDUFA2,4695,K562;Jurkat,31300006,CRISPR/CRISPRi,0.23
DDX23,9416,RRM2,6241,Jurkat,31300006,CRISPR/CRISPRi,0.0
DDX23,9416,MRPL18,29074,Jurkat,31300006,CRISPR/CRISPRi,0.0
DDX23,9416,EIF4G2,1982,Jurkat,31300006,CRISPR/CRISPRi,0.06
DDX23,9416,XPO1,7514,K562;Jurkat,31300006,CRISPR/CRISPRi,0.21
DDX23,9416,LEO1,123169,Jurkat,31300006,CRISPR/CRISPRi,0.0
DDX23,9416,TIMELESS,8914,Jurkat,31300006,CRISPR/CRISPRi,0.08
DDX23,9416,NAT10,55226,Jurkat,31300006,CRISPR/CRISPRi,0.03
DDX23,9416,RPS10-NUDT3,100529239,Jurkat,31300006,CRISPR/CRISPRi,0.03
DDX23,9416,MRPS14,63931,Jurkat,31300006,CRISPR/CRISPRi,0.01
DDX23,9416,NUP43,348995,K562,31300006,CRISPR/CRISPRi,0.14
DDX23,9416,MRPL19,9801,K562;Jurkat,31300006,CRISPR/CRISPRi,0.26
NOL8,55035,PHF5A,84844,K562;Jurkat,31300006,CRISPR/CRISPRi,0.21
NOL8,55035,RPL23,9349,K562,31300006,CRISPR/CRISPRi,0.21
NOL8,55035,RPA1,6117,K562;Jurkat,31300006,CRISPR/CRISPRi,0.17
DHX37,57647,SNAPC1,6617,Jurkat,31300006,CRISPR/CRISPRi,0.1
TUBGCP4,27229,XPO1,7514,Jurkat,31300006,CRISPR/CRISPRi,0.02
TUBGCP4,27229,VPS29,51699,Jurkat,31300006,CRISPR/CRISPRi,0.02
NAT10,55226,RPS10-NUDT3,100529239,K562,31300006,CRISPR/CRISPRi,0.24
NAT10,55226,RPA1,6117,Jurkat,31300006,CRISPR/CRISPRi,0.01
NAT10,55226,RPL34,6164,Jurkat,31300006,CRISPR/CRISPRi,0.04
RPS14,6208,ZNF830,91603,Jurkat,31300006,CRISPR/CRISPRi,0.12
RPS14,6208,XPO1,7514,K562;Jurkat,31300006,CRISPR/CRISPRi,0.18
RPS14,6208,TOMM22,56993,Jurkat,31300006,CRISPR/CRISPRi,0.02
RPS14,6208,RRM2,6241,Jurkat,31300006,CRISPR/CRISPRi,0.1
RPS14,6208,TIMM23B,100652748,K562,31300006,CRISPR/CRISPRi,0.16
RPS14,6208,VPS29,51699,Jurkat,31300006,CRISPR/CRISPRi,0.02
RPS14,6208,WDR7,23335,Jurkat,31300006,CRISPR/CRISPRi,0.03
COPE,11316,POLR2B,5431,K562,31300006,CRISPR/CRISPRi,0.15
COPE,11316,RPS10-NUDT3,100529239,K562,31300006,CRISPR/CRISPRi,0.17
DMAP1,55929,RPL34,6164,K562;Jurkat,31300006,CRISPR/CRISPRi,0.2
DMAP1,55929,RPS14,6208,Jurkat,31300006,CRISPR/CRISPRi,0.07
DMAP1,55929,DONSON,29980,Jurkat,31300006,CRISPR/CRISPRi,0.02
DMAP1,55929,TIMELESS,8914,Jurkat,31300006,CRISPR/CRISPRi,0.01
CUL5,8065,PMAIP1,5366,null,31294695,BioGRID,null
ATP6V1G1,9550,EXOSC3,51010,K562,31300006,CRISPR/CRISPRi,0.14
AKT1,207,CDK6,1021,Hela,31300006,CRISPR/CRISPRi,0.39
AKT1,207,BRD4,23476,X293T,31300006,CRISPR/CRISPRi,0.09
BRD4,23476,KIT,3815,X293T,31300006,CRISPR/CRISPRi,0.02
BCL2L10,10017,EEF2,1938,786O,31300006,CRISPR/CRISPRi,0.2
PDRG1,81572,RPL34,6164,Jurkat,31300006,CRISPR/CRISPRi,0.0
PDRG1,81572,RPS10-NUDT3,100529239,K562,31300006,CRISPR/CRISPRi,0.19
LEO1,123169,NDUFA8,4702,null,30033366,BioGRID,null
LEO1,123169,MRPL36,64979,null,30033366,BioGRID,null
LEO1,123169,MRPS5,64969,null,30033366,BioGRID,null
CHMP2A,27243,RPS10-NUDT3,100529239,K562,31300006,CRISPR/CRISPRi,0.16
TASOR,23272,NUF2,83540,K562,31300006,CRISPR/CRISPRi,0.2
TASOR,23272,RPS10-NUDT3,100529239,Jurkat,31300006,CRISPR/CRISPRi,0.02
ROR1,4919,RPS6KB1,6198,Hela,31300006,CRISPR/CRISPRi,0.63
DNA2,1763,RPL34,6164,Jurkat,31300006,CRISPR/CRISPRi,0.07
CEP192,55125,EIF2B2,8892,K562,31300006,CRISPR/CRISPRi,0.14
DDX18,8886,RPS10-NUDT3,100529239,Jurkat,31300006,CRISPR/CRISPRi,0.07
RPL35,11224,RPS10-NUDT3,100529239,Jurkat,31300006,CRISPR/CRISPRi,0.03
MED22,6837,RPS10-NUDT3,100529239,K562,31300006,CRISPR/CRISPRi,0.47
FARSB,10056,NUTF2,10204,Jurkat,31300006,CRISPR/CRISPRi,0.09
NF1,4763,TYMS,7298,Hela,31300006,CRISPR/CRISPRi,0.72
CENPW,387103,EXOSC3,51010,K562,31300006,CRISPR/CRISPRi,0.18
CENPW,387103,RPS10-NUDT3,100529239,Jurkat,31300006,CRISPR/CRISPRi,0.02
ANKZF1,55139,RPA1,6117,Jurkat,31300006,CRISPR/CRISPRi,0.0
ANKZF1,55139,EXOSC3,51010,K562,31300006,CRISPR/CRISPRi,0.16
MFAP1,4236,UBA2,10054,K562,31300006,CRISPR/CRISPRi,0.36
MFAP1,4236,XPO1,7514,K562,31300006,CRISPR/CRISPRi,0.19
RPF2,84154,RPL38,6169,Jurkat,31300006,CRISPR/CRISPRi,0.02
RPF2,84154,RPL34,6164,Jurkat,31300006,CRISPR/CRISPRi,0.08
DUT,1854,MRPL13,28998,K562,31300006,CRISPR/CRISPRi,0.23
DUT,1854,MRPL16,54948,K562,31300006,CRISPR/CRISPRi,0.27
DUT,1854,RRM1,6240,K562,31300006,CRISPR/CRISPRi,0.18
DUT,1854,MRPS10,55173,K562,31300006,CRISPR/CRISPRi,0.13
DUT,1854,NCBP1,4686,K562,31300006,CRISPR/CRISPRi,0.29
DUT,1854,EIF6,3692,K562,31300006,CRISPR/CRISPRi,0.38
DUT,1854,EXOSC6,118460,K562,31300006,CRISPR/CRISPRi,0.4
DUT,1854,EIF3H,8667,K562,31300006,CRISPR/CRISPRi,0.28
DUT,1854,MRPS16,51021,K562,31300006,CRISPR/CRISPRi,0.15
DUT,1854,MED22,6837,K562,31300006,CRISPR/CRISPRi,0.25
DUT,1854,NOL8,55035,K562,31300006,CRISPR/CRISPRi,0.23
DUT,1854,EBNA1BP2,10969,K562,31300006,CRISPR/CRISPRi,0.29
DUT,1854,MED23,9439,K562,31300006,CRISPR/CRISPRi,0.29
EMG1,10436,POLR3B,55703,Jurkat,31300006,CRISPR/CRISPRi,0.02
EMG1,10436,SNAPC1,6617,Jurkat,31300006,CRISPR/CRISPRi,0.1
EMG1,10436,XPO1,7514,Jurkat,31300006,CRISPR/CRISPRi,0.02
EMG1,10436,PSMC2,5701,Jurkat,31300006,CRISPR/CRISPRi,0.01
EMG1,10436,RPL10,6134,Jurkat,31300006,CRISPR/CRISPRi,0.12
CDKN1B,1027,RB1,5925,Hela,31300006,CRISPR/CRISPRi,0.42
CDKN1B,1027,MSH6,2956,A549,31300006,CRISPR/CRISPRi,0.05
CDKN1B,1027,TP53,7157,A549,31300006,CRISPR/CRISPRi,0.22
CAMLG,819,EXOSC3,51010,K562,31300006,CRISPR/CRISPRi,0.15
CAMLG,819,CDC16,8881,Jurkat,31300006,CRISPR/CRISPRi,0.02
CAMLG,819,RPL34,6164,Jurkat,31300006,CRISPR/CRISPRi,0.17
CAMLG,819,FAM50A,9130,Jurkat,31300006,CRISPR/CRISPRi,0.03
CAMLG,819,CDCA8,55143,Jurkat,31300006,CRISPR/CRISPRi,0.06
EMC7,56851,EXOSC3,51010,K562,31300006,CRISPR/CRISPRi,0.16
CDCA8,55143,RPLP2,6181,Jurkat,31300006,CRISPR/CRISPRi,0.07
CDCA8,55143,VPS4A,27183,Jurkat,31300006,CRISPR/CRISPRi,0.0
CDCA8,55143,FARSB,10056,Jurkat,31300006,CRISPR/CRISPRi,0.0
CDCA8,55143,DONSON,29980,Jurkat,31300006,CRISPR/CRISPRi,0.2
CDCA8,55143,COG3,83548,Jurkat,31300006,CRISPR/CRISPRi,0.06
CDCA8,55143,PSMC2,5701,Jurkat,31300006,CRISPR/CRISPRi,0.02
CDCA8,55143,EIF4G2,1982,Jurkat,31300006,CRISPR/CRISPRi,0.16
CDCA8,55143,MRPL3,11222,Jurkat,31300006,CRISPR/CRISPRi,0.01
CDCA8,55143,TOMM22,56993,Jurkat,31300006,CRISPR/CRISPRi,0.05
CDCA8,55143,VPS72,6944,Jurkat,31300006,CRISPR/CRISPRi,0.01
CDCA8,55143,RPA1,6117,K562,31300006,CRISPR/CRISPRi,0.3
CDCA8,55143,MRPL32,64983,Jurkat,31300006,CRISPR/CRISPRi,0.01
CDCA8,55143,PRIM2,5558,Jurkat,31300006,CRISPR/CRISPRi,0.01
CDCA8,55143,EIF6,3692,Jurkat,31300006,CRISPR/CRISPRi,0.02
CDCA8,55143,PSMC6,5706,Jurkat,31300006,CRISPR/CRISPRi,0.03
CDCA8,55143,PSMD1,5707,Jurkat,31300006,CRISPR/CRISPRi,0.36
CDCA8,55143,NOL8,55035,Jurkat,31300006,CRISPR/CRISPRi,0.06
CDCA8,55143,MRPL22,29093,Jurkat,31300006,CRISPR/CRISPRi,0.01
CDCA8,55143,EIF3D,8664,Jurkat,31300006,CRISPR/CRISPRi,0.0
CDCA8,55143,RPL10,6134,Jurkat,31300006,CRISPR/CRISPRi,0.0
CDCA8,55143,RFC5,5985,Jurkat,31300006,CRISPR/CRISPRi,0.14
CDCA8,55143,FTSJ3,117246,Jurkat,31300006,CRISPR/CRISPRi,0.01
CDCA8,55143,RPL32,6161,Jurkat,31300006,CRISPR/CRISPRi,0.07
CDCA8,55143,PPP2R1A,5518,Jurkat,31300006,CRISPR/CRISPRi,0.01
CDCA8,55143,SNRNP200,23020,K562,31300006,CRISPR/CRISPRi,0.17
CDCA8,55143,WDR7,23335,Jurkat,31300006,CRISPR/CRISPRi,0.01
CDCA8,55143,LEO1,123169,Jurkat,31300006,CRISPR/CRISPRi,0.05
CDCA8,55143,DLST,1743,Jurkat,31300006,CRISPR/CRISPRi,0.01
CDCA8,55143,CKAP5,9793,Jurkat,31300006,CRISPR/CRISPRi,0.08
CDCA8,55143,RPA3,6119,Jurkat,31300006,CRISPR/CRISPRi,0.03
CDCA8,55143,TIMELESS,8914,Jurkat,31300006,CRISPR/CRISPRi,0.01
CDCA8,55143,CWC22,57703,Jurkat,31300006,CRISPR/CRISPRi,0.01
CDCA8,55143,RPL24,6152,Jurkat,31300006,CRISPR/CRISPRi,0.03
CDCA8,55143,DUT,1854,K562;Jurkat,31300006,CRISPR/CRISPRi,0.11
CDCA8,55143,PSMD4,5710,Jurkat,31300006,CRISPR/CRISPRi,0.03
PSMD1,5707,RPL3,6122,Jurkat,31300006,CRISPR/CRISPRi,0.04
PSMD1,5707,RRM2,6241,Jurkat,31300006,CRISPR/CRISPRi,0.05
PSMD1,5707,RPS14,6208,Jurkat,31300006,CRISPR/CRISPRi,1.0
PSMD1,5707,UBA3,9039,Jurkat,31300006,CRISPR/CRISPRi,0.04
COQ2,27235,EXOSC3,51010,K562,31300006,CRISPR/CRISPRi,0.21
COQ2,27235,RPS10-NUDT3,100529239,K562,31300006,CRISPR/CRISPRi,0.17
FAM50A,9130,HSPA5,3309,Jurkat,31300006,CRISPR/CRISPRi,0.1
FAM50A,9130,XPO1,7514,Jurkat,31300006,CRISPR/CRISPRi,0.06
FAM50A,9130,NUTF2,10204,Jurkat,31300006,CRISPR/CRISPRi,0.09
HK3,3101,PGD,5226,A549,31300006,CRISPR/CRISPRi,0.16
MRPS18B,28973,RPS10-NUDT3,100529239,K562,31300006,CRISPR/CRISPRi,0.13
MRPL16,54948,NUF2,83540,Jurkat,31300006,CRISPR/CRISPRi,0.01
MRPL16,54948,RPA1,6117,K562,31300006,CRISPR/CRISPRi,0.28
MRPL16,54948,PRIM2,5558,Jurkat,31300006,CRISPR/CRISPRi,0.01
NDUFB1,4707,RPL34,6164,Jurkat,31300006,CRISPR/CRISPRi,0.03
MAPKAP1,79109,RPS10-NUDT3,100529239,K562;Jurkat,31300006,CRISPR/CRISPRi,0.13
CDK1,983,MARS1,4141,Jurkat,31300006,CRISPR/CRISPRi,0.03
CDK1,983,NUF2,83540,K562,31300006,CRISPR/CRISPRi,0.17
CDK1,983,SNRNP200,23020,K562,31300006,CRISPR/CRISPRi,0.18
RB1,5925,TYMS,7298,Hela,31300006,CRISPR/CRISPRi,0.64
RB1,5925,ROR1,4919,Hela,31300006,CRISPR/CRISPRi,0.39
EIF6,3692,RPS10-NUDT3,100529239,Jurkat,31300006,CRISPR/CRISPRi,0.09
EIF6,3692,RPL38,6169,Jurkat,31300006,CRISPR/CRISPRi,0.13
EIF6,3692,NUTF2,10204,Jurkat,31300006,CRISPR/CRISPRi,0.05
EIF6,3692,RRM2,6241,Jurkat,31300006,CRISPR/CRISPRi,0.05
ACTL6A,86,EXOSC3,51010,K562,31300006,CRISPR/CRISPRi,0.18
MUS81,80198,TERT,7015,null,19363487,BioGRID,null
NAMPT,10135,PIK3CD,5293,K562,31300006,CRISPR/CRISPRi,0.77
NAMPT,10135,TXN,7295,K562,31300006,CRISPR/CRISPRi,0.0
NAMPT,10135,PRKAB2,5565,K562,31300006,CRISPR/CRISPRi,1.0
HYPK,25764,RPA1,6117,Jurkat,31300006,CRISPR/CRISPRi,0.0
MRPL32,64983,NUTF2,10204,Jurkat,31300006,CRISPR/CRISPRi,0.05
MRPS23,51649,RPL38,6169,Jurkat,31300006,CRISPR/CRISPRi,0.02
KMT2D,8085,TOP1,7150,X293T,31300006,CRISPR/CRISPRi,0.48
CDCA5,113130,SMC1A,8243,null,26895426,BioGRID,null
CLK3,1198,RRM2,6241,K562,31300006,CRISPR/CRISPRi,0.43
CLK3,1198,NAMPT,10135,K562,31300006,CRISPR/CRISPRi,0.45
CLK3,1198,XPO1,7514,K562,31300006,CRISPR/CRISPRi,0.11
MZT1,440145,RPS14,6208,Jurkat,31300006,CRISPR/CRISPRi,0.03
MZT1,440145,RPL34,6164,K562;Jurkat,31300006,CRISPR/CRISPRi,0.14
GEMIN2,8487,RPL32,6161,Jurkat,31300006,CRISPR/CRISPRi,0.01
GEMIN2,8487,POLR3B,55703,Jurkat,31300006,CRISPR/CRISPRi,0.04
GEMIN2,8487,INTS5,80789,Jurkat,31300006,CRISPR/CRISPRi,0.06
GEMIN2,8487,SNAPC1,6617,Jurkat,31300006,CRISPR/CRISPRi,0.25
CTNNBL1,56259,DDX23,9416,K562,31300006,CRISPR/CRISPRi,0.21
CTNNBL1,56259,DCTN2,10540,K562,31300006,CRISPR/CRISPRi,0.23
CTNNBL1,56259,EXOSC3,51010,K562,31300006,CRISPR/CRISPRi,0.17
CTNNBL1,56259,RPA1,6117,K562,31300006,CRISPR/CRISPRi,0.26
CTNNBL1,56259,PRIM2,5558,Jurkat,31300006,CRISPR/CRISPRi,0.04
CTNNBL1,56259,NUTF2,10204,K562,31300006,CRISPR/CRISPRi,0.18
GAPDHS,26330,TPI1,7167,Hela,31300006,CRISPR/CRISPRi,1.0
NAA50,80218,RPS10-NUDT3,100529239,K562,31300006,CRISPR/CRISPRi,0.16
APOOL,139322,RPS10-NUDT3,100529239,K562;Jurkat,31300006,CRISPR/CRISPRi,0.13
ATP1A1,476,EXOSC3,51010,K562,31300006,CRISPR/CRISPRi,0.15
POLR2B,5431,SNAPC1,6617,K562,31300006,CRISPR/CRISPRi,0.3
POLR2B,5431,XPO1,7514,K562,31300006,CRISPR/CRISPRi,0.2
RPP38,10557,SNRNP200,23020,K562,31300006,CRISPR/CRISPRi,0.15
POLR3B,55703,RPS10-NUDT3,100529239,K562;Jurkat,31300006,CRISPR/CRISPRi,0.13
POLR3B,55703,RPL38,6169,Jurkat,31300006,CRISPR/CRISPRi,0.02
POLR3B,55703,RPL34,6164,Jurkat,31300006,CRISPR/CRISPRi,0.1
ACVR1,90,MCAT,27349,K562,31300006,CRISPR/CRISPRi,0.19
CENPK,64105,RPS10-NUDT3,100529239,Jurkat,31300006,CRISPR/CRISPRi,0.02
CENPK,64105,EXOSC3,51010,K562,31300006,CRISPR/CRISPRi,0.19
EXOSC2,23404,RRM2,6241,Jurkat,31300006,CRISPR/CRISPRi,0.06
EXOSC2,23404,RPS10-NUDT3,100529239,Jurkat,31300006,CRISPR/CRISPRi,0.06
EXOSC2,23404,MRPL32,64983,Jurkat,31300006,CRISPR/CRISPRi,0.04
EXOSC2,23404,HSPA5,3309,Jurkat,31300006,CRISPR/CRISPRi,0.02
ATM,472,BCL2,596,Hela,31300006,CRISPR/CRISPRi,0.52
GPN3,51184,XPO1,7514,K562,31300006,CRISPR/CRISPRi,0.15
CLSPN,63967,MRPL18,29074,Jurkat,31300006,CRISPR/CRISPRi,0.01
CLSPN,63967,MRPS25,64432,Jurkat,31300006,CRISPR/CRISPRi,0.01
CLSPN,63967,MRPS14,63931,Jurkat,31300006,CRISPR/CRISPRi,0.04
CLSPN,63967,EIF4G2,1982,Jurkat,31300006,CRISPR/CRISPRi,0.06
CLSPN,63967,TIMELESS,8914,Jurkat,31300006,CRISPR/CRISPRi,0.05
CLSPN,63967,SNAPC1,6617,K562,31300006,CRISPR/CRISPRi,0.24
PELO,53918,RPS27A,6233,Jurkat,31300006,CRISPR/CRISPRi,0.03
CDC16,8881,CYB5B,80777,Jurkat,31300006,CRISPR/CRISPRi,0.0
CDC16,8881,RPS10-NUDT3,100529239,K562,31300006,CRISPR/CRISPRi,0.14
CDC16,8881,XPO1,7514,Jurkat,31300006,CRISPR/CRISPRi,0.03
CDC16,8881,DONSON,29980,Jurkat,31300006,CRISPR/CRISPRi,0.18
CDC16,8881,RPA3,6119,Jurkat,31300006,CRISPR/CRISPRi,0.04
CDC16,8881,CKAP5,9793,Jurkat,31300006,CRISPR/CRISPRi,0.13
CDC16,8881,MTBP,27085,Jurkat,31300006,CRISPR/CRISPRi,0.02
EIF4G2,1982,POLD1,5424,Jurkat,31300006,CRISPR/CRISPRi,0.11
EIF4G2,1982,GINS4,84296,Jurkat,31300006,CRISPR/CRISPRi,0.16
EIF4G2,1982,EXOSC2,23404,Jurkat,31300006,CRISPR/CRISPRi,0.19
EIF4G2,1982,PPP2R2A,5520,Jurkat,31300006,CRISPR/CRISPRi,0.24
EIF4G2,1982,MARS1,4141,Jurkat,31300006,CRISPR/CRISPRi,0.25
EIF4G2,1982,KIF14,9928,Jurkat,31300006,CRISPR/CRISPRi,0.19
EIF4G2,1982,RPL23,9349,Jurkat,31300006,CRISPR/CRISPRi,0.28
EIF4G2,1982,SRSF7,6432,Jurkat,31300006,CRISPR/CRISPRi,0.03
EIF4G2,1982,RPL3,6122,Jurkat,31300006,CRISPR/CRISPRi,0.14
EIF4G2,1982,UMPS,7372,Jurkat,31300006,CRISPR/CRISPRi,0.07
EIF4G2,1982,FAM50A,9130,Jurkat,31300006,CRISPR/CRISPRi,0.15
EIF4G2,1982,RPL11,6135,Jurkat,31300006,CRISPR/CRISPRi,0.17
EIF4G2,1982,NFE2L1,4779,Jurkat,31300006,CRISPR/CRISPRi,0.14
EIF4G2,1982,RPL27,6155,Jurkat,31300006,CRISPR/CRISPRi,0.15
EIF4G2,1982,ZMAT2,153527,Jurkat,31300006,CRISPR/CRISPRi,0.12
EIF4G2,1982,XRN2,22803,Jurkat,31300006,CRISPR/CRISPRi,0.12
EIF4G2,1982,NUBP1,4682,Jurkat,31300006,CRISPR/CRISPRi,0.03
EIF4G2,1982,PPIE,10450,Jurkat,31300006,CRISPR/CRISPRi,0.19
EIF4G2,1982,PHF5A,84844,K562,31300006,CRISPR/CRISPRi,0.13
EIF4G2,1982,TAF2,6873,Jurkat,31300006,CRISPR/CRISPRi,0.23
EIF4G2,1982,EMG1,10436,Jurkat,31300006,CRISPR/CRISPRi,0.14
EIF4G2,1982,RPA1,6117,K562,31300006,CRISPR/CRISPRi,0.22
EIF4G2,1982,IMPDH2,3615,Jurkat,31300006,CRISPR/CRISPRi,0.1
EIF4G2,1982,UBA3,9039,Jurkat,31300006,CRISPR/CRISPRi,0.13
EIF4G2,1982,MAT2A,4144,Jurkat,31300006,CRISPR/CRISPRi,0.12
EIF4G2,1982,RFC4,5984,Jurkat,31300006,CRISPR/CRISPRi,0.15
EIF4G2,1982,LUC7L3,51747,Jurkat,31300006,CRISPR/CRISPRi,0.16
EIF4G2,1982,GEMIN2,8487,Jurkat,31300006,CRISPR/CRISPRi,0.34
EIF4G2,1982,RRM2,6241,Jurkat,31300006,CRISPR/CRISPRi,0.04
EIF4G2,1982,NSMCE1,197370,Jurkat,31300006,CRISPR/CRISPRi,0.11
EIF4G2,1982,POLA1,5422,Jurkat,31300006,CRISPR/CRISPRi,0.16
EIF4G2,1982,PRIM2,5558,Jurkat,31300006,CRISPR/CRISPRi,0.02
POLA1,5422,RPL38,6169,Jurkat,31300006,CRISPR/CRISPRi,0.16
POLA1,5422,RBBP8,5932,Jurkat,31300006,CRISPR/CRISPRi,0.04
RPL38,6169,TUBGCP4,27229,Jurkat,31300006,CRISPR/CRISPRi,0.13
RPL38,6169,SNRPG,6637,K562;Jurkat,31300006,CRISPR/CRISPRi,0.19
RPL38,6169,VPS4A,27183,Jurkat,31300006,CRISPR/CRISPRi,0.31
RPL38,6169,SRFBP1,153443,K562;Jurkat,31300006,CRISPR/CRISPRi,0.22
RPL38,6169,VPS29,51699,Jurkat,31300006,CRISPR/CRISPRi,0.24
EIF3C,8663,RPA1,6117,Jurkat,31300006,CRISPR/CRISPRi,0.09
EIF3C,8663,EXOSC3,51010,K562,31300006,CRISPR/CRISPRi,0.15
DARS1,1615,SNAPC1,6617,K562,31300006,CRISPR/CRISPRi,0.15
DARS1,1615,NDUFA2,4695,K562,31300006,CRISPR/CRISPRi,0.14
EIF3H,8667,RPL38,6169,Jurkat,31300006,CRISPR/CRISPRi,0.01
EIF3H,8667,RPL34,6164,Jurkat,31300006,CRISPR/CRISPRi,0.01
EIF3H,8667,FAM50A,9130,Jurkat,31300006,CRISPR/CRISPRi,0.01
EIF3H,8667,EMG1,10436,Jurkat,31300006,CRISPR/CRISPRi,0.16
CDK2,1017,NAMPT,10135,K562,31300006,CRISPR/CRISPRi,0.51
CDK2,1017,MCAT,27349,K562,31300006,CRISPR/CRISPRi,0.07
CDK2,1017,UMPS,7372,K562,31300006,CRISPR/CRISPRi,0.16
CDK2,1017,RRM2,6241,K562,31300006,CRISPR/CRISPRi,0.59
CDK2,1017,XPO1,7514,K562,31300006,CRISPR/CRISPRi,0.11
COG3,83548,RPS10-NUDT3,100529239,K562,31300006,CRISPR/CRISPRi,0.39
SWSAP1,126074,FIGNL1,63979,null,30926776,BioGRID,null
TOP1,7150,TP53,7157,X293T,31300006,CRISPR/CRISPRi,0.0
MCM4,4173,RRM2,6241,Jurkat,31300006,CRISPR/CRISPRi,0.01
FTSJ3,117246,RPS10-NUDT3,100529239,K562;Jurkat,31300006,CRISPR/CRISPRi,0.38
FTSJ3,117246,RPA1,6117,K562,31300006,CRISPR/CRISPRi,0.16
LARS1,51520,PHF5A,84844,K562,31300006,CRISPR/CRISPRi,0.13
TBC1D31,93594,TUBGCP4,27229,Jurkat,31300006,CRISPR/CRISPRi,0.03
CDK6,1021,RUNX1,861,Hela,31300006,CRISPR/CRISPRi,0.46
CDK6,1021,TP53,7157,A549,31300006,CRISPR/CRISPRi,0.65
CDK6,1021,PTEN,5728,Hela,31300006,CRISPR/CRISPRi,0.87
ALDOB,229,RPIA,22934,A549,31300006,CRISPR/CRISPRi,0.42
COX7C,1350,NUF2,83540,Jurkat,31300006,CRISPR/CRISPRi,0.05
COX7C,1350,GINS4,84296,Jurkat,31300006,CRISPR/CRISPRi,0.11
COX7C,1350,RPL27,6155,Jurkat,31300006,CRISPR/CRISPRi,0.03
COX7C,1350,PRIM2,5558,Jurkat,31300006,CRISPR/CRISPRi,0.0
COX7C,1350,NUTF2,10204,Jurkat,31300006,CRISPR/CRISPRi,0.03
COX7C,1350,NFE2L1,4779,Jurkat,31300006,CRISPR/CRISPRi,0.04
COX7C,1350,TUBGCP4,27229,Jurkat,31300006,CRISPR/CRISPRi,0.03
ELP4,26610,RPS10-NUDT3,100529239,K562;Jurkat,31300006,CRISPR/CRISPRi,0.17
ELP4,26610,EXOSC3,51010,K562,31300006,CRISPR/CRISPRi,0.14
ELP4,26610,RPL30,6156,K562,31300006,CRISPR/CRISPRi,0.19
TOMM22,56993,UBA3,9039,Jurkat,31300006,CRISPR/CRISPRi,0.02
DCTN2,10540,XPO1,7514,K562;Jurkat,31300006,CRISPR/CRISPRi,0.14
DCTN2,10540,UBA2,10054,K562;Jurkat,31300006,CRISPR/CRISPRi,0.14
DCTN2,10540,RRM1,6240,Jurkat,31300006,CRISPR/CRISPRi,0.06
DCTN2,10540,NDUFA8,4702,Jurkat,31300006,CRISPR/CRISPRi,0.04
DCTN2,10540,NOL8,55035,K562,31300006,CRISPR/CRISPRi,0.3
DCTN2,10540,ZCCHC9,84240,Jurkat,31300006,CRISPR/CRISPRi,0.13
DCTN2,10540,VPS29,51699,Jurkat,31300006,CRISPR/CRISPRi,0.09
DCTN2,10540,MRPL11,65003,Jurkat,31300006,CRISPR/CRISPRi,0.09
DCTN2,10540,MRPL3,11222,Jurkat,31300006,CRISPR/CRISPRi,0.02
DCTN2,10540,HYPK,25764,Jurkat,31300006,CRISPR/CRISPRi,0.04
DCTN2,10540,PSMD4,5710,Jurkat,31300006,CRISPR/CRISPRi,0.02
DCTN2,10540,NCAPD2,9918,K562,31300006,CRISPR/CRISPRi,0.16
DCTN2,10540,EIF4G2,1982,Jurkat,31300006,CRISPR/CRISPRi,0.51
DCTN2,10540,PRIM2,5558,Jurkat,31300006,CRISPR/CRISPRi,0.04
DCTN2,10540,RPL34,6164,Jurkat,31300006,CRISPR/CRISPRi,0.08
DCTN2,10540,TASOR,23272,K562,31300006,CRISPR/CRISPRi,0.13
DCTN2,10540,EIF2B2,8892,Jurkat,31300006,CRISPR/CRISPRi,0.04
BOD1L1,259282,RPL34,6164,K562,31300006,CRISPR/CRISPRi,0.19
RPL32,6161,RPS10-NUDT3,100529239,K562,31300006,CRISPR/CRISPRi,0.23
RPL32,6161,RPL34,6164,K562,31300006,CRISPR/CRISPRi,0.23
PIK3CD,5293,XPO1,7514,K562,31300006,CRISPR/CRISPRi,0.03
PIK3CD,5293,RRM2,6241,K562,31300006,CRISPR/CRISPRi,0.61
PIK3CD,5293,UMPS,7372,K562,31300006,CRISPR/CRISPRi,0.21
DNTTIP2,30836,RPL34,6164,Jurkat,31300006,CRISPR/CRISPRi,0.07
DNTTIP2,30836,RPS27A,6233,Jurkat,31300006,CRISPR/CRISPRi,0.02
DNTTIP2,30836,DUT,1854,K562,31300006,CRISPR/CRISPRi,0.19
DNTTIP2,30836,NUTF2,10204,K562,31300006,CRISPR/CRISPRi,0.3
DNTTIP2,30836,RPA1,6117,K562,31300006,CRISPR/CRISPRi,0.34
DNTTIP2,30836,RPL23,9349,K562,31300006,CRISPR/CRISPRi,0.14
DNTTIP2,30836,PHF5A,84844,K562;Jurkat,31300006,CRISPR/CRISPRi,0.33
NUF2,83540,RFC5,5985,Jurkat,31300006,CRISPR/CRISPRi,0.01
NUF2,83540,RPL35,11224,K562,31300006,CRISPR/CRISPRi,0.15
NUF2,83540,RAE1,8480,K562,31300006,CRISPR/CRISPRi,0.21
NUF2,83540,SAP18,10284,K562,31300006,CRISPR/CRISPRi,0.32
NUF2,83540,RPL34,6164,K562,31300006,CRISPR/CRISPRi,0.3
NUF2,83540,SNAPC1,6617,K562,31300006,CRISPR/CRISPRi,0.26
NUF2,83540,RPA3,6119,Jurkat,31300006,CRISPR/CRISPRi,0.03
NUF2,83540,SYVN1,84447,Jurkat,31300006,CRISPR/CRISPRi,0.08
NUF2,83540,SFXN1,94081,Jurkat,31300006,CRISPR/CRISPRi,0.11
COA3,28958,EIF2B2,8892,K562,31300006,CRISPR/CRISPRi,0.17
SUV39H1,6839,SBF1,6305,null,10848615,BioGRID,null
RBBP8,5932,RPS14,6208,Jurkat,31300006,CRISPR/CRISPRi,0.15
RBBP8,5932,RRM2,6241,Jurkat,31300006,CRISPR/CRISPRi,0.01
AARS2,57505,RPS10-NUDT3,100529239,Jurkat,31300006,CRISPR/CRISPRi,0.06
AARS2,57505,DDX23,9416,Jurkat,31300006,CRISPR/CRISPRi,0.01
AARS2,57505,RPA1,6117,Jurkat,31300006,CRISPR/CRISPRi,0.0
PPP2R2A,5520,SNAPC1,6617,Jurkat,31300006,CRISPR/CRISPRi,0.11
PPP2R2A,5520,XPO1,7514,Jurkat,31300006,CRISPR/CRISPRi,0.1
CDKN1A,1026,TP63,8626,null,21511729,BioGRID,null
CARS2,79587,RPA1,6117,K562,31300006,CRISPR/CRISPRi,0.24
CARS2,79587,RPS10-NUDT3,100529239,K562,31300006,CRISPR/CRISPRi,0.17
PAXBP1,94104,RPS10-NUDT3,100529239,K562;Jurkat,31300006,CRISPR/CRISPRi,0.14
MRPS25,64432,RPL34,6164,Jurkat,31300006,CRISPR/CRISPRi,0.14
MPHOSPH6,10200,RPL34,6164,Jurkat,31300006,CRISPR/CRISPRi,0.02
CIT,11113,CKAP5,9793,Jurkat,31300006,CRISPR/CRISPRi,0.04
CIT,11113,PSMC6,5706,Jurkat,31300006,CRISPR/CRISPRi,0.06
CIT,11113,NUTF2,10204,Jurkat,31300006,CRISPR/CRISPRi,0.01
CIT,11113,RPL34,6164,K562;Jurkat,31300006,CRISPR/CRISPRi,0.16
CIT,11113,EIF4G2,1982,Jurkat,31300006,CRISPR/CRISPRi,0.26
CIT,11113,DDX23,9416,Jurkat,31300006,CRISPR/CRISPRi,0.04
CIT,11113,PSMC2,5701,Jurkat,31300006,CRISPR/CRISPRi,0.01
CIT,11113,RPA3,6119,Jurkat,31300006,CRISPR/CRISPRi,0.02
COPA,1314,TOMM22,56993,K562,31300006,CRISPR/CRISPRi,0.23
COPA,1314,TIMELESS,8914,Jurkat,31300006,CRISPR/CRISPRi,0.17
COPA,1314,GFER,2671,Jurkat,31300006,CRISPR/CRISPRi,0.04
COPA,1314,RPL38,6169,K562;Jurkat,31300006,CRISPR/CRISPRi,0.2
COPA,1314,TIMM23B,100652748,K562,31300006,CRISPR/CRISPRi,0.28
COPA,1314,NCBP1,4686,K562,31300006,CRISPR/CRISPRi,0.19
COPA,1314,DONSON,29980,Jurkat,31300006,CRISPR/CRISPRi,0.02
COPA,1314,EXOSC3,51010,K562,31300006,CRISPR/CRISPRi,0.15
COPA,1314,EIF3H,8667,K562,31300006,CRISPR/CRISPRi,0.24
COPA,1314,EIF4G2,1982,K562,31300006,CRISPR/CRISPRi,0.39
COPA,1314,MED9,55090,K562,31300006,CRISPR/CRISPRi,0.21
COPA,1314,MED22,6837,K562,31300006,CRISPR/CRISPRi,0.26
COPA,1314,MCM3AP,8888,K562,31300006,CRISPR/CRISPRi,0.17
COPA,1314,RPL34,6164,Jurkat,31300006,CRISPR/CRISPRi,0.04
COPA,1314,TBC1D31,93594,K562,31300006,CRISPR/CRISPRi,0.16
COPA,1314,USE1,55850,K562,31300006,CRISPR/CRISPRi,0.39
COPA,1314,GOLT1B,51026,K562,31300006,CRISPR/CRISPRi,0.13
COPA,1314,MRPL18,29074,K562,31300006,CRISPR/CRISPRi,0.52
COPA,1314,TAF2,6873,Jurkat,31300006,CRISPR/CRISPRi,0.02
COPA,1314,SNRNP200,23020,K562,31300006,CRISPR/CRISPRi,0.18
COPA,1314,DDX23,9416,Jurkat,31300006,CRISPR/CRISPRi,0.03
BUB1B,701,RPA1,6117,K562,31300006,CRISPR/CRISPRi,0.15
BUB1B,701,NUTF2,10204,K562,31300006,CRISPR/CRISPRi,0.17
BUB1B,701,RPL34,6164,Jurkat,31300006,CRISPR/CRISPRi,0.14
BUB1B,701,DDX23,9416,K562,31300006,CRISPR/CRISPRi,0.14
BUB1B,701,RPS10-NUDT3,100529239,Jurkat,31300006,CRISPR/CRISPRi,0.23
RPL30,6156,SFXN1,94081,K562,31300006,CRISPR/CRISPRi,0.18
RPL30,6156,RPL34,6164,K562,31300006,CRISPR/CRISPRi,0.18
MRPL35,51318,RPL38,6169,K562;Jurkat,31300006,CRISPR/CRISPRi,0.29
MRPL35,51318,RPS14,6208,Jurkat,31300006,CRISPR/CRISPRi,0.03
MARS1,4141,PPIE,10450,Jurkat,31300006,CRISPR/CRISPRi,0.0
MARS1,4141,SNAPC1,6617,Jurkat,31300006,CRISPR/CRISPRi,0.12
MARS1,4141,RPS10-NUDT3,100529239,K562,31300006,CRISPR/CRISPRi,0.21
MARS1,4141,XPO1,7514,Jurkat,31300006,CRISPR/CRISPRi,0.02
MARS1,4141,TIMM23B,100652748,Jurkat,31300006,CRISPR/CRISPRi,0.0
PSMC6,5706,RPS10-NUDT3,100529239,K562;Jurkat,31300006,CRISPR/CRISPRi,0.32
RUNX1,861,WEE1,7465,Hela,31300006,CRISPR/CRISPRi,0.86
RUNX1,861,TYMS,7298,Hela,31300006,CRISPR/CRISPRi,0.63
CSF1R,1436,MCAT,27349,K562,31300006,CRISPR/CRISPRi,0.05
RPA3,6119,RPL34,6164,Jurkat,31300006,CRISPR/CRISPRi,0.04
RPA3,6119,RRM2,6241,Jurkat,31300006,CRISPR/CRISPRi,0.01
RPA3,6119,TUBGCP4,27229,Jurkat,31300006,CRISPR/CRISPRi,0.05
NUTF2,10204,TBC1D31,93594,K562,31300006,CRISPR/CRISPRi,0.16
NUTF2,10204,RRM2,6241,Jurkat,31300006,CRISPR/CRISPRi,0.01
NUTF2,10204,TUBGCP4,27229,Jurkat,31300006,CRISPR/CRISPRi,0.03
NUTF2,10204,RPL34,6164,Jurkat,31300006,CRISPR/CRISPRi,0.09
NUTF2,10204,PSMC2,5701,K562;Jurkat,31300006,CRISPR/CRISPRi,0.16
NUTF2,10204,TIMELESS,8914,Jurkat,31300006,CRISPR/CRISPRi,0.25
NUTF2,10204,RPP38,10557,Jurkat,31300006,CRISPR/CRISPRi,0.03
NUTF2,10204,RAE1,8480,K562,31300006,CRISPR/CRISPRi,0.23
NUTF2,10204,PRMT5,10419,K562,31300006,CRISPR/CRISPRi,0.16
NUTF2,10204,PPIE,10450,Jurkat,31300006,CRISPR/CRISPRi,0.05
KIF11,3832,PHF5A,84844,K562;Jurkat,31300006,CRISPR/CRISPRi,0.1
KIF11,3832,NUTF2,10204,K562,31300006,CRISPR/CRISPRi,0.14
PSMD4,5710,TIMELESS,8914,Jurkat,31300006,CRISPR/CRISPRi,0.03
PSMD4,5710,RPL11,6135,Jurkat,31300006,CRISPR/CRISPRi,0.02
MCM3AP,8888,NUTF2,10204,Jurkat,31300006,CRISPR/CRISPRi,0.04
MCM3AP,8888,RPL38,6169,K562,31300006,CRISPR/CRISPRi,0.14
GATA3,2625,KIT,3815,Hela,31300006,CRISPR/CRISPRi,0.69
BCL2,596,WEE1,7465,A549,31300006,CRISPR/CRISPRi,0.06
AATF,26574,RPS10-NUDT3,100529239,K562,31300006,CRISPR/CRISPRi,0.2
PDHB,5162,TPI1,7167,Hela,31300006,CRISPR/CRISPRi,0.68
HSPA5,3309,PHF5A,84844,K562;Jurkat,31300006,CRISPR/CRISPRi,0.39
HSPA5,3309,RPL38,6169,Jurkat,31300006,CRISPR/CRISPRi,0.03
HSPA5,3309,KIF14,9928,Jurkat,31300006,CRISPR/CRISPRi,0.05
HSPA5,3309,RPL34,6164,Jurkat,31300006,CRISPR/CRISPRi,0.03
HSPA5,3309,TUBGCP4,27229,Jurkat,31300006,CRISPR/CRISPRi,0.03
HSPA5,3309,NUTF2,10204,K562,31300006,CRISPR/CRISPRi,0.16
HSPA5,3309,RPS14,6208,Jurkat,31300006,CRISPR/CRISPRi,0.06
HSPA5,3309,UBA3,9039,Jurkat,31300006,CRISPR/CRISPRi,0.13
CDC23,8697,PHF5A,84844,Jurkat,31300006,CRISPR/CRISPRi,0.01
CDC23,8697,RPS10-NUDT3,100529239,K562,31300006,CRISPR/CRISPRi,0.23
ME1,4199,RPE,6120,A549,31300006,CRISPR/CRISPRi,0.11
GINS4,84296,HSPA5,3309,Jurkat,31300006,CRISPR/CRISPRi,0.19
GINS4,84296,RRM2,6241,Jurkat,31300006,CRISPR/CRISPRi,0.07
GINS4,84296,XPO1,7514,Jurkat,31300006,CRISPR/CRISPRi,0.0
EIF2B2,8892,SKIV2L,6499,K562,31300006,CRISPR/CRISPRi,0.14
EIF2B2,8892,LARS1,51520,K562,31300006,CRISPR/CRISPRi,0.14
EIF2B2,8892,MTBP,27085,K562,31300006,CRISPR/CRISPRi,0.29
EIF2B2,8892,EIF4G2,1982,K562,31300006,CRISPR/CRISPRi,0.18
EIF2B2,8892,MED10,84246,K562,31300006,CRISPR/CRISPRi,0.19
EIF2B2,8892,FAM50A,9130,K562,31300006,CRISPR/CRISPRi,0.14
EIF2B2,8892,RPL34,6164,K562,31300006,CRISPR/CRISPRi,0.22
EIF2B2,8892,NDUFA2,4695,K562,31300006,CRISPR/CRISPRi,0.16
EIF2B2,8892,SNAPC1,6617,K562,31300006,CRISPR/CRISPRi,0.25
EIF2B2,8892,KIF11,3832,K562,31300006,CRISPR/CRISPRi,0.18
EIF2B2,8892,GFER,2671,Jurkat,31300006,CRISPR/CRISPRi,0.11
EIF2B2,8892,KIF14,9928,K562,31300006,CRISPR/CRISPRi,0.16
EIF2B2,8892,PSMD1,5707,K562,31300006,CRISPR/CRISPRi,0.34
EIF2B2,8892,SPDL1,54908,K562,31300006,CRISPR/CRISPRi,0.2
EIF2B2,8892,GEMIN4,50628,K562,31300006,CRISPR/CRISPRi,0.15
CDC27,996,SNAPC1,6617,K562,31300006,CRISPR/CRISPRi,0.23
CDC27,996,TOMM22,56993,K562,31300006,CRISPR/CRISPRi,0.13
CDC27,996,NDUFA2,4695,K562,31300006,CRISPR/CRISPRi,0.16
CDC27,996,MTBP,27085,K562,31300006,CRISPR/CRISPRi,0.19
CDC27,996,RPL13,6137,K562,31300006,CRISPR/CRISPRi,0.19
RRM2,6241,SNRNP200,23020,K562,31300006,CRISPR/CRISPRi,0.27
RRM2,6241,VPS4A,27183,Jurkat,31300006,CRISPR/CRISPRi,0.03
RRM2,6241,SNRPG,6637,Jurkat,31300006,CRISPR/CRISPRi,0.02
RPP30,10556,RPS10-NUDT3,100529239,K562;Jurkat,31300006,CRISPR/CRISPRi,0.24
BDP1,55814,RPS14,6208,Jurkat,31300006,CRISPR/CRISPRi,0.03
BDP1,55814,TIMELESS,8914,Jurkat,31300006,CRISPR/CRISPRi,0.02
BDP1,55814,CDCA8,55143,Jurkat,31300006,CRISPR/CRISPRi,0.04
BDP1,55814,GEMIN2,8487,Jurkat,31300006,CRISPR/CRISPRi,0.43
BDP1,55814,RPL34,6164,Jurkat,31300006,CRISPR/CRISPRi,0.19
BDP1,55814,PPIE,10450,Jurkat,31300006,CRISPR/CRISPRi,0.01
BDP1,55814,CIT,11113,Jurkat,31300006,CRISPR/CRISPRi,0.06
BDP1,55814,POLD1,5424,Jurkat,31300006,CRISPR/CRISPRi,0.05
BDP1,55814,DDX23,9416,Jurkat,31300006,CRISPR/CRISPRi,0.04
BDP1,55814,MAT2A,4144,Jurkat,31300006,CRISPR/CRISPRi,0.01
BDP1,55814,TUBGCP4,27229,Jurkat,31300006,CRISPR/CRISPRi,0.01
BDP1,55814,CDC16,8881,Jurkat,31300006,CRISPR/CRISPRi,0.17
BDP1,55814,EMG1,10436,Jurkat,31300006,CRISPR/CRISPRi,0.06
BDP1,55814,NSMCE1,197370,Jurkat,31300006,CRISPR/CRISPRi,0.0
BDP1,55814,RFC4,5984,Jurkat,31300006,CRISPR/CRISPRi,0.2
BDP1,55814,POLA1,5422,Jurkat,31300006,CRISPR/CRISPRi,0.14
BDP1,55814,DCTN2,10540,Jurkat,31300006,CRISPR/CRISPRi,0.13
BDP1,55814,RPS10-NUDT3,100529239,K562;Jurkat,31300006,CRISPR/CRISPRi,0.13
BDP1,55814,DONSON,29980,Jurkat,31300006,CRISPR/CRISPRi,0.09
EBNA1BP2,10969,RPS10-NUDT3,100529239,K562,31300006,CRISPR/CRISPRi,0.34
DCTN4,51164,RRM2,6241,Jurkat,31300006,CRISPR/CRISPRi,0.01
CYB5B,80777,RPL38,6169,Jurkat,31300006,CRISPR/CRISPRi,0.03
CYB5B,80777,KIF14,9928,Jurkat,31300006,CRISPR/CRISPRi,0.02
CYB5B,80777,EMG1,10436,Jurkat,31300006,CRISPR/CRISPRi,0.03
CYB5B,80777,DDX23,9416,Jurkat,31300006,CRISPR/CRISPRi,0.0
CYB5B,80777,POLD1,5424,Jurkat,31300006,CRISPR/CRISPRi,0.0
CYB5B,80777,EXOSC3,51010,K562,31300006,CRISPR/CRISPRi,0.22
CYB5B,80777,MARS1,4141,Jurkat,31300006,CRISPR/CRISPRi,0.06
CYB5B,80777,RPL34,6164,K562,31300006,CRISPR/CRISPRi,0.17
CYB5B,80777,EIF2B2,8892,K562,31300006,CRISPR/CRISPRi,0.19
NSMCE4A,54780,RPL38,6169,Jurkat,31300006,CRISPR/CRISPRi,0.01
DNMT1,1786,NAMPT,10135,K562,31300006,CRISPR/CRISPRi,0.69
DNMT1,1786,UMPS,7372,K562,31300006,CRISPR/CRISPRi,0.04
DNMT1,1786,RRM2,6241,K562,31300006,CRISPR/CRISPRi,0.54
ATP6AP1,537,NUF2,83540,K562,31300006,CRISPR/CRISPRi,0.29
ATP6AP1,537,RPL34,6164,K562;Jurkat,31300006,CRISPR/CRISPRi,0.18
ATP6AP1,537,PHF5A,84844,Jurkat,31300006,CRISPR/CRISPRi,0.1
ATP6AP1,537,SNRNP200,23020,K562,31300006,CRISPR/CRISPRi,0.34
ATP6AP1,537,SPDL1,54908,K562,31300006,CRISPR/CRISPRi,0.19
COPS2,9318,EXOSC3,51010,K562,31300006,CRISPR/CRISPRi,0.13
MRPL19,9801,POLA1,5422,Jurkat,31300006,CRISPR/CRISPRi,0.01
MRPL19,9801,POLD1,5424,Jurkat,31300006,CRISPR/CRISPRi,0.03
MRPL19,9801,RPL38,6169,K562,31300006,CRISPR/CRISPRi,0.24
MRPL19,9801,PHF5A,84844,Jurkat,31300006,CRISPR/CRISPRi,0.05
MRPL19,9801,RPS14,6208,Jurkat,31300006,CRISPR/CRISPRi,0.05
PGK1,5230,RPS10-NUDT3,100529239,Jurkat,31300006,CRISPR/CRISPRi,0.11
BNIP1,662,RPL34,6164,K562,31300006,CRISPR/CRISPRi,0.21
BNIP1,662,SNAPC1,6617,K562,31300006,CRISPR/CRISPRi,0.31
BNIP1,662,NDUFA2,4695,K562,31300006,CRISPR/CRISPRi,0.14
BNIP1,662,HYPK,25764,K562,31300006,CRISPR/CRISPRi,0.16
MRPL18,29074,NUTF2,10204,Jurkat,31300006,CRISPR/CRISPRi,0.03
BRCA1,672,CASP8,841,X293T,31300006,CRISPR/CRISPRi,0.39
MAP2K1,5604,TOP1,7150,X293T,31300006,CRISPR/CRISPRi,0.31
EIF4A1,1973,EXOSC3,51010,K562,31300006,CRISPR/CRISPRi,0.23
EIF4A1,1973,UBA3,9039,Jurkat,31300006,CRISPR/CRISPRi,0.01
FARSA,2193,RPL23,9349,Jurkat,31300006,CRISPR/CRISPRi,0.04
FARSA,2193,RPA1,6117,Jurkat,31300006,CRISPR/CRISPRi,0.0
FARSA,2193,NSMCE1,197370,Jurkat,31300006,CRISPR/CRISPRi,0.01
FARSA,2193,POLA1,5422,Jurkat,31300006,CRISPR/CRISPRi,0.03
FARSA,2193,PHF5A,84844,Jurkat,31300006,CRISPR/CRISPRi,0.03
FARSA,2193,RPL34,6164,Jurkat,31300006,CRISPR/CRISPRi,0.2
BUB3,9184,RPA1,6117,Jurkat,31300006,CRISPR/CRISPRi,0.0
DYNC1H1,1778,RRM2,6241,Jurkat,31300006,CRISPR/CRISPRi,0.01
DYNC1H1,1778,GFER,2671,Jurkat,31300006,CRISPR/CRISPRi,0.01
RPL3,6122,SNAPC1,6617,Jurkat,31300006,CRISPR/CRISPRi,0.07
MICOS10,440574,RPS10-NUDT3,100529239,Jurkat,31300006,CRISPR/CRISPRi,0.14
ARID1A,8289,TSC1,7248,Hela,31300006,CRISPR/CRISPRi,0.61
ARID1A,8289,BCL2,596,Hela,31300006,CRISPR/CRISPRi,0.42
ARID1A,8289,KDM5C,8242,X293T,31300006,CRISPR/CRISPRi,0.16
ARID1A,8289,TOP1,7150,X293T,31300006,CRISPR/CRISPRi,0.33
COPS5,10987,RPA1,6117,Jurkat,31300006,CRISPR/CRISPRi,0.08
EEF2,1938,IMPDH1,3614,786O,31300006,CRISPR/CRISPRi,1.0
MED28,80306,RPA1,6117,K562,31300006,CRISPR/CRISPRi,0.31
PMPCB,9512,RPS10-NUDT3,100529239,K562;Jurkat,31300006,CRISPR/CRISPRi,0.15
PMPCB,9512,RRM2,6241,Jurkat,31300006,CRISPR/CRISPRi,0.03
PMPCB,9512,RPL38,6169,Jurkat,31300006,CRISPR/CRISPRi,0.13
CKAP5,9793,EMG1,10436,Jurkat,31300006,CRISPR/CRISPRi,0.07
CKAP5,9793,RPL23,9349,Jurkat,31300006,CRISPR/CRISPRi,0.04
CKAP5,9793,DONSON,29980,Jurkat,31300006,CRISPR/CRISPRi,0.05
CKAP5,9793,NSMCE1,197370,Jurkat,31300006,CRISPR/CRISPRi,0.02
CKAP5,9793,DCTN2,10540,Jurkat,31300006,CRISPR/CRISPRi,0.03
CKAP5,9793,SRSF7,6432,Jurkat,31300006,CRISPR/CRISPRi,0.06
CKAP5,9793,FAM50A,9130,Jurkat,31300006,CRISPR/CRISPRi,0.05
CKAP5,9793,GEMIN2,8487,Jurkat,31300006,CRISPR/CRISPRi,0.13
CKAP5,9793,PPP2R2A,5520,Jurkat,31300006,CRISPR/CRISPRi,0.03
CKAP5,9793,PPIE,10450,Jurkat,31300006,CRISPR/CRISPRi,0.02
CKAP5,9793,RPL34,6164,Jurkat,31300006,CRISPR/CRISPRi,0.1
CKAP5,9793,DARS1,1615,K562,31300006,CRISPR/CRISPRi,0.19
CKAP5,9793,TUBGCP4,27229,Jurkat,31300006,CRISPR/CRISPRi,0.08
CKAP5,9793,ZMAT2,153527,Jurkat,31300006,CRISPR/CRISPRi,0.03
CKAP5,9793,RPL38,6169,Jurkat,31300006,CRISPR/CRISPRi,0.16
CKAP5,9793,TIMELESS,8914,Jurkat,31300006,CRISPR/CRISPRi,0.23
CKAP5,9793,MAT2A,4144,Jurkat,31300006,CRISPR/CRISPRi,0.09
CKAP5,9793,RRM2,6241,Jurkat,31300006,CRISPR/CRISPRi,0.01
CKAP5,9793,GINS4,84296,Jurkat,31300006,CRISPR/CRISPRi,0.07
CKAP5,9793,GFER,2671,Jurkat,31300006,CRISPR/CRISPRi,0.1
CKAP5,9793,NUF2,83540,Jurkat,31300006,CRISPR/CRISPRi,0.08
CKAP5,9793,PHF5A,84844,Jurkat,31300006,CRISPR/CRISPRi,0.12
CKAP5,9793,LUC7L3,51747,Jurkat,31300006,CRISPR/CRISPRi,0.01
CKAP5,9793,RPS14,6208,Jurkat,31300006,CRISPR/CRISPRi,0.07
CKAP5,9793,KIF14,9928,Jurkat,31300006,CRISPR/CRISPRi,0.15
RPL23,9349,RPL34,6164,K562,31300006,CRISPR/CRISPRi,0.28
DONSON,29980,MRPL35,51318,Jurkat,31300006,CRISPR/CRISPRi,0.08
DONSON,29980,MRPL11,65003,Jurkat,31300006,CRISPR/CRISPRi,0.02
DONSON,29980,TIPIN,54962,Jurkat,31300006,CRISPR/CRISPRi,0.03
DONSON,29980,PSMD12,5718,Jurkat,31300006,CRISPR/CRISPRi,0.03
DONSON,29980,NUTF2,10204,K562,31300006,CRISPR/CRISPRi,0.52
DONSON,29980,POLA1,5422,Jurkat,31300006,CRISPR/CRISPRi,0.0
DONSON,29980,FTSJ3,117246,Jurkat,31300006,CRISPR/CRISPRi,0.7
DONSON,29980,RPL34,6164,Jurkat,31300006,CRISPR/CRISPRi,0.06
DONSON,29980,RPP30,10556,Jurkat,31300006,CRISPR/CRISPRi,0.06
DONSON,29980,INTS5,80789,Jurkat,31300006,CRISPR/CRISPRi,0.03
DONSON,29980,MRPL13,28998,Jurkat,31300006,CRISPR/CRISPRi,0.02
DONSON,29980,PHF5A,84844,Jurkat,31300006,CRISPR/CRISPRi,0.05
DONSON,29980,FIP1L1,81608,Jurkat,31300006,CRISPR/CRISPRi,0.02
DONSON,29980,MZT1,440145,Jurkat,31300006,CRISPR/CRISPRi,0.02
DONSON,29980,PPIE,10450,Jurkat,31300006,CRISPR/CRISPRi,0.01
DONSON,29980,FAM50A,9130,Jurkat,31300006,CRISPR/CRISPRi,0.01
DONSON,29980,GFER,2671,Jurkat,31300006,CRISPR/CRISPRi,0.14
DONSON,29980,MTBP,27085,Jurkat,31300006,CRISPR/CRISPRi,0.0
DONSON,29980,EIF3H,8667,Jurkat,31300006,CRISPR/CRISPRi,0.18
DONSON,29980,SPDL1,54908,K562,31300006,CRISPR/CRISPRi,0.56
DONSON,29980,UBA2,10054,Jurkat,31300006,CRISPR/CRISPRi,0.01
DONSON,29980,MED23,9439,Jurkat,31300006,CRISPR/CRISPRi,0.0
POLR3A,11128,RPL38,6169,Jurkat,31300006,CRISPR/CRISPRi,0.0
PRMT5,10419,RPL23,9349,K562,31300006,CRISPR/CRISPRi,0.18
NDUFA2,4695,NUTF2,10204,Jurkat,31300006,CRISPR/CRISPRi,0.06
NDUFA2,4695,POLR2B,5431,K562,31300006,CRISPR/CRISPRi,0.24
NDUFA2,4695,RPL11,6135,Jurkat,31300006,CRISPR/CRISPRi,0.01
NDUFA2,4695,SNRNP200,23020,K562,31300006,CRISPR/CRISPRi,0.23
NDUFA2,4695,PHF5A,84844,K562,31300006,CRISPR/CRISPRi,0.4
NDUFA2,4695,POLD1,5424,Jurkat,31300006,CRISPR/CRISPRi,0.01
NDUFA2,4695,RPL38,6169,Jurkat,31300006,CRISPR/CRISPRi,0.1
NDUFA2,4695,RPA1,6117,K562,31300006,CRISPR/CRISPRi,0.54
NDUFA2,4695,NUF2,83540,K562,31300006,CRISPR/CRISPRi,0.41
NDUFA2,4695,RPL23,9349,K562,31300006,CRISPR/CRISPRi,0.27
NDUFA2,4695,SPDL1,54908,K562,31300006,CRISPR/CRISPRi,0.21
NDUFA2,4695,RPL30,6156,K562,31300006,CRISPR/CRISPRi,0.14
MRPS14,63931,RPL38,6169,Jurkat,31300006,CRISPR/CRISPRi,0.19
MRPS14,63931,RPA1,6117,Jurkat,31300006,CRISPR/CRISPRi,0.15
MRPS14,63931,RPL34,6164,Jurkat,31300006,CRISPR/CRISPRi,0.24
PRIM2,5558,SNAPC1,6617,Jurkat,31300006,CRISPR/CRISPRi,0.09
EMC6,83460,RPL34,6164,Jurkat,31300006,CRISPR/CRISPRi,0.01
EMC6,83460,PHF5A,84844,Jurkat,31300006,CRISPR/CRISPRi,0.03
NUBP1,4682,SNAPC1,6617,Jurkat,31300006,CRISPR/CRISPRi,0.02
NUBP1,4682,POLR3B,55703,Jurkat,31300006,CRISPR/CRISPRi,0.03
RPL27,6155,SRP19,6728,Jurkat,31300006,CRISPR/CRISPRi,0.01
RPL34,6164,VPS29,51699,Jurkat,31300006,CRISPR/CRISPRi,0.08
RPL34,6164,TOMM22,56993,Jurkat,31300006,CRISPR/CRISPRi,0.0
RPL34,6164,SPDL1,54908,Jurkat,31300006,CRISPR/CRISPRi,0.04
RPL34,6164,SNAPC1,6617,Jurkat,31300006,CRISPR/CRISPRi,0.02
RPL34,6164,SYVN1,84447,Jurkat,31300006,CRISPR/CRISPRi,0.07
RPL34,6164,TIMELESS,8914,Jurkat,31300006,CRISPR/CRISPRi,0.04
RPL34,6164,TBC1D31,93594,Jurkat,31300006,CRISPR/CRISPRi,0.2
RPL34,6164,RPLP2,6181,Jurkat,31300006,CRISPR/CRISPRi,0.29
RPL34,6164,SEH1L,81929,K562,31300006,CRISPR/CRISPRi,0.13
KDM5C,8242,MAP2K1,5604,X293T,31300006,CRISPR/CRISPRi,0.1
PSMD12,5718,UBA3,9039,Jurkat,31300006,CRISPR/CRISPRi,0.0
PSMD12,5718,RPA1,6117,K562,31300006,CRISPR/CRISPRi,0.34
PSMD12,5718,RPL38,6169,Jurkat,31300006,CRISPR/CRISPRi,0.07
SPDL1,54908,TUBGCP4,27229,Jurkat,31300006,CRISPR/CRISPRi,0.01
SPDL1,54908,XPO1,7514,K562,31300006,CRISPR/CRISPRi,0.3
DCAF7,10238,RPL38,6169,Jurkat,31300006,CRISPR/CRISPRi,0.07
CWC22,57703,XPO1,7514,K562,31300006,CRISPR/CRISPRi,0.27
CWC22,57703,DUT,1854,K562,31300006,CRISPR/CRISPRi,0.42
CWC22,57703,EIF2B2,8892,K562,31300006,CRISPR/CRISPRi,0.33
CWC22,57703,NDUFA2,4695,K562,31300006,CRISPR/CRISPRi,0.39
CWC22,57703,MAT2A,4144,K562,31300006,CRISPR/CRISPRi,0.15
CWC22,57703,NACA,4666,K562,31300006,CRISPR/CRISPRi,0.15
CWC22,57703,UBA2,10054,K562,31300006,CRISPR/CRISPRi,0.25
CWC22,57703,DONSON,29980,Jurkat,31300006,CRISPR/CRISPRi,0.04
CWC22,57703,SNAPC1,6617,K562,31300006,CRISPR/CRISPRi,0.25
NFE2L1,4779,RPS10-NUDT3,100529239,K562,31300006,CRISPR/CRISPRi,0.88
PNISR,25957,RPS10-NUDT3,100529239,Jurkat,31300006,CRISPR/CRISPRi,0.12
QARS1,5859,RPS10-NUDT3,100529239,K562;Jurkat,31300006,CRISPR/CRISPRi,0.27
DHODH,1723,EIF4G2,1982,Jurkat,31300006,CRISPR/CRISPRi,0.04
DHODH,1723,PSMD1,5707,Jurkat,31300006,CRISPR/CRISPRi,0.01
GFER,2671,NUTF2,10204,Jurkat,31300006,CRISPR/CRISPRi,0.05
GFER,2671,NDUFA8,4702,Jurkat,31300006,CRISPR/CRISPRi,0.04
GFER,2671,ZCCHC9,84240,Jurkat,31300006,CRISPR/CRISPRi,0.03
GFER,2671,GTF2H4,2968,Jurkat,31300006,CRISPR/CRISPRi,0.04
GFER,2671,RPL8,6132,Jurkat,31300006,CRISPR/CRISPRi,0.02
GFER,2671,MRPS16,51021,Jurkat,31300006,CRISPR/CRISPRi,0.02
GFER,2671,SNAPC1,6617,Jurkat,31300006,CRISPR/CRISPRi,0.1
GFER,2671,RPF2,84154,Jurkat,31300006,CRISPR/CRISPRi,0.02
GFER,2671,RPS14,6208,Jurkat,31300006,CRISPR/CRISPRi,0.02
GFER,2671,RPLP2,6181,Jurkat,31300006,CRISPR/CRISPRi,0.02
GFER,2671,HSPA5,3309,Jurkat,31300006,CRISPR/CRISPRi,0.07
GFER,2671,RAE1,8480,Jurkat,31300006,CRISPR/CRISPRi,0.08
GFER,2671,VPS29,51699,Jurkat,31300006,CRISPR/CRISPRi,0.04
GFER,2671,PSMC2,5701,Jurkat,31300006,CRISPR/CRISPRi,0.06
GFER,2671,RPL5,6125,Jurkat,31300006,CRISPR/CRISPRi,0.02
GFER,2671,MED9,55090,Jurkat,31300006,CRISPR/CRISPRi,0.06
GFER,2671,TAZ,6901,Jurkat,31300006,CRISPR/CRISPRi,0.02
MED10,84246,RPS14,6208,K562;Jurkat,31300006,CRISPR/CRISPRi,0.29
MED10,84246,RPL34,6164,Jurkat,31300006,CRISPR/CRISPRi,0.0
MED10,84246,PHF5A,84844,Jurkat,31300006,CRISPR/CRISPRi,0.02
MED10,84246,RPS10-NUDT3,100529239,K562;Jurkat,31300006,CRISPR/CRISPRi,0.11
MED10,84246,RPL38,6169,Jurkat,31300006,CRISPR/CRISPRi,0.04
NCBP1,4686,RPA1,6117,Jurkat,31300006,CRISPR/CRISPRi,0.07
EXOSC6,118460,RPA1,6117,K562,31300006,CRISPR/CRISPRi,0.22
EGFR,1956,TSC1,7248,Hela,31300006,CRISPR/CRISPRi,0.6
EGFR,1956,PTEN,5728,Hela,31300006,CRISPR/CRISPRi,0.6
EGFR,1956,PARP1,142,Hela,31300006,CRISPR/CRISPRi,0.81
EGFR,1956,MCAT,27349,K562,31300006,CRISPR/CRISPRi,0.23
EGFR,1956,HSP90AA1,3320,Hela,31300006,CRISPR/CRISPRi,0.48
EGFR,1956,RB1,5925,Hela,31300006,CRISPR/CRISPRi,0.89
EGFR,1956,MET,4233,Hela,31300006,CRISPR/CRISPRi,0.47
ERBB2,2064,MLH1,4292,Hela,31300006,CRISPR/CRISPRi,0.43
ERBB2,2064,TP53,7157,Hela,31300006,CRISPR/CRISPRi,0.39
RAD51,5888,RPA1,6117,Jurkat,31300006,CRISPR/CRISPRi,0.13
ADPRM,56985,EXOSC3,51010,K562,31300006,CRISPR/CRISPRi,0.17
GTF2H4,2968,RPA1,6117,Jurkat,31300006,CRISPR/CRISPRi,0.08
MICOS10-NBL1,100532736,RPS10-NUDT3,100529239,K562,31300006,CRISPR/CRISPRi,0.69
MRPL3,11222,PHF5A,84844,K562,31300006,CRISPR/CRISPRi,0.33
MTBP,27085,RPL38,6169,K562,31300006,CRISPR/CRISPRi,0.4
MTBP,27085,RPL34,6164,Jurkat,31300006,CRISPR/CRISPRi,0.02
MTBP,27085,UMPS,7372,Jurkat,31300006,CRISPR/CRISPRi,0.04
MTBP,27085,SNRNP200,23020,K562,31300006,CRISPR/CRISPRi,0.15
MTBP,27085,PHF5A,84844,K562,31300006,CRISPR/CRISPRi,0.26
MTBP,27085,RPS14,6208,K562,31300006,CRISPR/CRISPRi,0.13
ARGLU1,55082,RPS14,6208,K562,31300006,CRISPR/CRISPRi,0.17
RFC5,5985,RPL38,6169,Jurkat,31300006,CRISPR/CRISPRi,0.17
RFC5,5985,TUBGCP4,27229,Jurkat,31300006,CRISPR/CRISPRi,0.04
RFC5,5985,RPS14,6208,Jurkat,31300006,CRISPR/CRISPRi,0.02
HDAC1,3065,MAP1LC3B,81631,null,22496786,BioGRID,null
UBA2,10054,SKIV2L,6499,null,30033366,BioGRID,null
MRPS9,64965,RPL34,6164,Jurkat,31300006,CRISPR/CRISPRi,0.02
ATXN10,25814,EXOSC3,51010,K562,31300006,CRISPR/CRISPRi,0.16
PRPF18,8559,RPS10-NUDT3,100529239,Jurkat,31300006,CRISPR/CRISPRi,0.0
NOLC1,9221,RPS10-NUDT3,100529239,Jurkat,31300006,CRISPR/CRISPRi,0.04
REXO2,25996,RRM2,6241,Jurkat,31300006,CRISPR/CRISPRi,0.01
G6PC,2538,PDHX,8050,A549,31300006,CRISPR/CRISPRi,0.0
G6PC,2538,ME1,4199,A549,31300006,CRISPR/CRISPRi,0.0
PPIE,10450,XPO1,7514,Jurkat,31300006,CRISPR/CRISPRi,0.08
PPIE,10450,PSMD1,5707,Jurkat,31300006,CRISPR/CRISPRi,0.03
PPIE,10450,PSMC6,5706,Jurkat,31300006,CRISPR/CRISPRi,0.05
PPIE,10450,RPS10-NUDT3,100529239,Jurkat,31300006,CRISPR/CRISPRi,0.01
PPIE,10450,RBM22,55696,Jurkat,31300006,CRISPR/CRISPRi,0.02
PPIE,10450,TOMM22,56993,Jurkat,31300006,CRISPR/CRISPRi,0.03
TP53,7157,TP63,8626,null,21511729,BioGRID,null
TP53,7157,VHL,7428,A549,31300006,CRISPR/CRISPRi,0.05
ELF3,1999,ERBB2,2064,null,12242338,BioGRID,null
PSMC2,5701,RPL23,9349,Jurkat,31300006,CRISPR/CRISPRi,0.07
PSMC2,5701,RPA1,6117,Jurkat,31300006,CRISPR/CRISPRi,0.05
TRPC6,7225,MGAT1,4245,null,31266804,BioGRID,null
CDH1,999,EGFR,1956,Hela,31300006,CRISPR/CRISPRi,0.37
NSMCE1,197370,PSMD1,5707,Jurkat,31300006,CRISPR/CRISPRi,0.11
INTS5,80789,SRSF7,6432,Jurkat,31300006,CRISPR/CRISPRi,0.01
INTS5,80789,RPL38,6169,Jurkat,31300006,CRISPR/CRISPRi,0.36
EXOSC3,51010,NUTF2,10204,Jurkat,31300006,CRISPR/CRISPRi,0.19
EXOSC3,51010,EXOSC4,54512,K562,31300006,CRISPR/CRISPRi,0.13
EXOSC3,51010,MAX,4149,K562,31300006,CRISPR/CRISPRi,0.34
EXOSC3,51010,PSMD1,5707,K562,31300006,CRISPR/CRISPRi,0.24
EXOSC3,51010,TIMM22,29928,K562,31300006,CRISPR/CRISPRi,0.29
EXOSC3,51010,MTBP,27085,K562,31300006,CRISPR/CRISPRi,0.36
EXOSC3,51010,TBC1D31,93594,K562,31300006,CRISPR/CRISPRi,0.26
EXOSC3,51010,PMVK,10654,K562,31300006,CRISPR/CRISPRi,0.14
EXOSC3,51010,GEMIN4,50628,K562,31300006,CRISPR/CRISPRi,0.16
EXOSC3,51010,NEMF,9147,K562,31300006,CRISPR/CRISPRi,0.18
EXOSC3,51010,MED28,80306,K562,31300006,CRISPR/CRISPRi,0.13
EXOSC3,51010,NUBP1,4682,K562,31300006,CRISPR/CRISPRi,0.2
EXOSC3,51010,TGIF2,60436,K562,31300006,CRISPR/CRISPRi,0.34
EXOSC3,51010,GTF2H1,2965,K562,31300006,CRISPR/CRISPRi,0.17
EXOSC3,51010,KDM1A,23028,K562,31300006,CRISPR/CRISPRi,0.14
EXOSC3,51010,PDSS2,57107,K562,31300006,CRISPR/CRISPRi,0.19
EXOSC3,51010,EXOSC6,118460,K562,31300006,CRISPR/CRISPRi,0.25
EXOSC3,51010,TIPIN,54962,K562,31300006,CRISPR/CRISPRi,0.19
EXOSC3,51010,TIMM23B,100652748,K562,31300006,CRISPR/CRISPRi,0.13
EXOSC3,51010,TCOF1,6949,K562,31300006,CRISPR/CRISPRi,0.24
EXOSC3,51010,PNN,5411,K562,31300006,CRISPR/CRISPRi,0.14
EXOSC3,51010,PRMT5,10419,K562,31300006,CRISPR/CRISPRi,0.16
EXOSC3,51010,STXBP4,252983,K562,31300006,CRISPR/CRISPRi,0.18
EXOSC3,51010,HSCB,150274,K562,31300006,CRISPR/CRISPRi,0.21
EXOSC3,51010,RPL35,11224,K562,31300006,CRISPR/CRISPRi,0.15
EXOSC3,51010,MBTPS2,51360,K562,31300006,CRISPR/CRISPRi,0.2
EXOSC3,51010,PSPH,5723,K562,31300006,CRISPR/CRISPRi,0.17
EXOSC3,51010,TASOR,23272,K562,31300006,CRISPR/CRISPRi,0.16
EXOSC3,51010,SMC5,23137,K562,31300006,CRISPR/CRISPRi,0.18
EXOSC3,51010,MICOS10,440574,K562,31300006,CRISPR/CRISPRi,0.14
EXOSC3,51010,SDHC,6391,K562,31300006,CRISPR/CRISPRi,0.14
EXOSC3,51010,WDR61,80349,K562,31300006,CRISPR/CRISPRi,0.14
EXOSC3,51010,SNAPC1,6617,K562,31300006,CRISPR/CRISPRi,0.42
EXOSC3,51010,PMF1,11243,K562,31300006,CRISPR/CRISPRi,0.15
EXOSC3,51010,NDUFA2,4695,K562,31300006,CRISPR/CRISPRi,0.35
EXOSC3,51010,GNL3L,54552,K562,31300006,CRISPR/CRISPRi,0.17
EXOSC3,51010,PFAS,5198,K562,31300006,CRISPR/CRISPRi,0.18
EXOSC3,51010,TCF25,22980,K562,31300006,CRISPR/CRISPRi,0.24
NCAPD2,9918,RPS10-NUDT3,100529239,Jurkat,31300006,CRISPR/CRISPRi,0.2
IMPDH2,3615,MTBP,27085,Jurkat,31300006,CRISPR/CRISPRi,0.0
IMPDH2,3615,RPL8,6132,Jurkat,31300006,CRISPR/CRISPRi,0.0
IMPDH2,3615,SFXN1,94081,Jurkat,31300006,CRISPR/CRISPRi,0.01
AURKA,6790,RPL38,6169,Jurkat,31300006,CRISPR/CRISPRi,0.04
AURKA,6790,CWC22,57703,K562,31300006,CRISPR/CRISPRi,0.2
AURKA,6790,DUT,1854,K562,31300006,CRISPR/CRISPRi,0.21
AURKA,6790,RPA1,6117,K562,31300006,CRISPR/CRISPRi,0.19
MED14,9282,RPS10-NUDT3,100529239,K562,31300006,CRISPR/CRISPRi,0.19
CDK4,1019,CDKN1B,1027,A549,31300006,CRISPR/CRISPRi,0.45
CDK4,1019,TYMS,7298,Hela,31300006,CRISPR/CRISPRi,0.44
ABCB7,22,NUTF2,10204,Jurkat,31300006,CRISPR/CRISPRi,0.15
ABCB7,22,PSMD1,5707,Jurkat,31300006,CRISPR/CRISPRi,0.01
SNAPC1,6617,SPDL1,54908,K562,31300006,CRISPR/CRISPRi,0.2
CDC40,51362,EIF4G2,1982,Jurkat,31300006,CRISPR/CRISPRi,0.3
CDC40,51362,GFER,2671,Jurkat,31300006,CRISPR/CRISPRi,0.01
CDC40,51362,XPO1,7514,Jurkat,31300006,CRISPR/CRISPRi,0.19
CDC40,51362,RPS10-NUDT3,100529239,K562,31300006,CRISPR/CRISPRi,0.15
CDC40,51362,RPL34,6164,Jurkat,31300006,CRISPR/CRISPRi,0.06
CDC40,51362,SNAPC1,6617,Jurkat,31300006,CRISPR/CRISPRi,0.07
SNRNP200,23020,XPO1,7514,K562,31300006,CRISPR/CRISPRi,0.14
PRKAB2,5565,RRM2,6241,K562,31300006,CRISPR/CRISPRi,0.84
PRKAB2,5565,XPO1,7514,K562,31300006,CRISPR/CRISPRi,0.17
PRKAB2,5565,UMPS,7372,K562,31300006,CRISPR/CRISPRi,0.37
GEMIN4,50628,RPL23,9349,K562,31300006,CRISPR/CRISPRi,0.33
GEMIN4,50628,NUF2,83540,K562,31300006,CRISPR/CRISPRi,0.22
GEMIN4,50628,RPS10-NUDT3,100529239,K562,31300006,CRISPR/CRISPRi,0.3
GEMIN4,50628,RPA1,6117,K562;Jurkat,31300006,CRISPR/CRISPRi,0.15
FIP1L1,81608,TUBGCP4,27229,Jurkat,31300006,CRISPR/CRISPRi,0.0
NOC2L,26155,RPS10-NUDT3,100529239,K562;Jurkat,31300006,CRISPR/CRISPRi,0.18
NDUFA8,4702,RPS10-NUDT3,100529239,Jurkat,31300006,CRISPR/CRISPRi,0.07
AKAP12,9590,HDAC7,51564,null,22584896,BioGRID,null
BRCA2,675,SMAD4,4089,X293T,31300006,CRISPR/CRISPRi,0.38
MASTL,84930,RPL34,6164,Jurkat,31300006,CRISPR/CRISPRi,0.05
RPL10,6134,RPS14,6208,Jurkat,31300006,CRISPR/CRISPRi,0.03
PPWD1,23398,RPS14,6208,Jurkat,31300006,CRISPR/CRISPRi,0.14
ARID2,196528,CDKN1B,1027,A549,31300006,CRISPR/CRISPRi,0.77
ACTR10,55860,RPA1,6117,Jurkat,31300006,CRISPR/CRISPRi,0.07
RPS27A,6233,SNAPC1,6617,K562;Jurkat,31300006,CRISPR/CRISPRi,0.13
RPS27A,6233,TOMM22,56993,Jurkat,31300006,CRISPR/CRISPRi,0.02
RPS27A,6233,TIMM22,29928,K562,31300006,CRISPR/CRISPRi,0.22
PAFAH1B1,5048,RPS10-NUDT3,100529239,K562;Jurkat,31300006,CRISPR/CRISPRi,0.11
IGF1R,3480,NF1,4763,Hela,31300006,CRISPR/CRISPRi,0.41
IGF1R,3480,RB1,5925,Hela,31300006,CRISPR/CRISPRi,0.42
MAT2A,4144,RPS10-NUDT3,100529239,Jurkat,31300006,CRISPR/CRISPRi,0.15
MAT2A,4144,MRPS23,51649,Jurkat,31300006,CRISPR/CRISPRi,0.0
MRPL11,65003,RPL34,6164,Jurkat,31300006,CRISPR/CRISPRi,0.08
MRPL11,65003,SPDL1,54908,K562,31300006,CRISPR/CRISPRi,0.15
MRPL11,65003,NUTF2,10204,Jurkat,31300006,CRISPR/CRISPRi,0.18
MRPL13,28998,TIMELESS,8914,Jurkat,31300006,CRISPR/CRISPRi,0.01
MRPL13,28998,RPA1,6117,Jurkat,31300006,CRISPR/CRISPRi,0.01
RPS6KB1,6198,TOP1,7150,X293T,31300006,CRISPR/CRISPRi,0.04
ERH,2079,PHF5A,84844,Jurkat,31300006,CRISPR/CRISPRi,0.04
NUP43,348995,RPA1,6117,K562,31300006,CRISPR/CRISPRi,0.34
CHEK1,1111,PBRM1,55193,A549,31300006,CRISPR/CRISPRi,0.14
CHEK1,1111,TSC1,7248,A549,31300006,CRISPR/CRISPRi,0.2
RBL2,5934,TP63,8626,null,21511729,BioGRID,null
MTOR,2475,NUF2,83540,K562,31300006,CRISPR/CRISPRi,0.21
NACA,4666,RPL34,6164,Jurkat,31300006,CRISPR/CRISPRi,0.12
NACA,4666,RRM2,6241,Jurkat,31300006,CRISPR/CRISPRi,0.02
RPA1,6117,SMC5,23137,K562,31300006,CRISPR/CRISPRi,0.14
RPA1,6117,SNAPC1,6617,K562,31300006,CRISPR/CRISPRi,0.45
RPA1,6117,TIMM22,29928,K562,31300006,CRISPR/CRISPRi,0.24
RPA1,6117,RPL10,6134,K562,31300006,CRISPR/CRISPRi,0.18
RPA1,6117,SFXN1,94081,Jurkat,31300006,CRISPR/CRISPRi,0.0
RPA1,6117,TUBB,203068,Jurkat,31300006,CRISPR/CRISPRi,0.02
RPA1,6117,TIMELESS,8914,Jurkat,31300006,CRISPR/CRISPRi,0.01
RPA1,6117,TTI2,80185,Jurkat,31300006,CRISPR/CRISPRi,0.01
TIMELESS,8914,TOMM22,56993,Jurkat,31300006,CRISPR/CRISPRi,0.02
PTTG1,9232,RPL38,6169,Jurkat,31300006,CRISPR/CRISPRi,0.12
RBM22,55696,RPS10-NUDT3,100529239,Jurkat,31300006,CRISPR/CRISPRi,0.04
RBM22,55696,RPA1,6117,Jurkat,31300006,CRISPR/CRISPRi,0.1
DICER1,23405,DONSON,29980,Jurkat,31300006,CRISPR/CRISPRi,0.08
DICER1,23405,NUF2,83540,Jurkat,31300006,CRISPR/CRISPRi,0.0
DICER1,23405,RPL38,6169,Jurkat,31300006,CRISPR/CRISPRi,0.07
RAE1,8480,RPS10-NUDT3,100529239,K562;Jurkat,31300006,CRISPR/CRISPRi,0.17
POLD1,5424,TGIF2,60436,Jurkat,31300006,CRISPR/CRISPRi,0.01
POLD1,5424,PSMD1,5707,Jurkat,31300006,CRISPR/CRISPRi,0.02
KIF14,9928,PSMD1,5707,Jurkat,31300006,CRISPR/CRISPRi,0.02
KIF14,9928,NUTF2,10204,K562,31300006,CRISPR/CRISPRi,0.18
KIF14,9928,MRPL32,64983,Jurkat,31300006,CRISPR/CRISPRi,0.03
CDK12,51755,RPS10-NUDT3,100529239,Jurkat,31300006,CRISPR/CRISPRi,0.24
CDK12,51755,RPS14,6208,Jurkat,31300006,CRISPR/CRISPRi,0.04
TSC1,7248,TYMS,7298,Hela,31300006,CRISPR/CRISPRi,0.61
EIF3M,10480,PHF5A,84844,Jurkat,31300006,CRISPR/CRISPRi,0.04
EIF3M,10480,RPA1,6117,Jurkat,31300006,CRISPR/CRISPRi,0.46
RPLP2,6181,RPS10-NUDT3,100529239,K562;Jurkat,31300006,CRISPR/CRISPRi,0.21
MED9,55090,RPL34,6164,Jurkat,31300006,CRISPR/CRISPRi,0.16
MED9,55090,PHF5A,84844,Jurkat,31300006,CRISPR/CRISPRi,0.02
NDUFB2,4708,RPA1,6117,Jurkat,31300006,CRISPR/CRISPRi,0.09
NDUFB2,4708,RPL34,6164,Jurkat,31300006,CRISPR/CRISPRi,0.07
MRPS16,51021,RPA1,6117,Jurkat,31300006,CRISPR/CRISPRi,0.12
MRPS16,51021,RPL38,6169,Jurkat,31300006,CRISPR/CRISPRi,0.04
AKT2,208,EEF2,1938,OVCAR8,31300006,CRISPR/CRISPRi,0.0
FBXO28,23219,PHF5A,84844,Jurkat,31300006,CRISPR/CRISPRi,0.05
FBXO28,23219,RRM2,6241,Jurkat,31300006,CRISPR/CRISPRi,0.01
ADA,100,PTEN,5728,Hela,31300006,CRISPR/CRISPRi,0.57
ADA,100,RUNX1,861,Hela,31300006,CRISPR/CRISPRi,1.0
ADA,100,AKT1,207,Hela,31300006,CRISPR/CRISPRi,0.39
ADA,100,FGFR2,2263,Hela,31300006,CRISPR/CRISPRi,0.67
MAP1B,4131,MARCHF5,54708,null,22308378,BioGRID,null
RFC4,5984,XPO1,7514,Jurkat,31300006,CRISPR/CRISPRi,0.01
RPS10-NUDT3,100529239,UBA3,9039,K562;Jurkat,31300006,CRISPR/CRISPRi,0.39
RPS10-NUDT3,100529239,RRM1,6240,K562;Jurkat,31300006,CRISPR/CRISPRi,0.09
RPS10-NUDT3,100529239,USE1,55850,K562,31300006,CRISPR/CRISPRi,0.3
RPS10-NUDT3,100529239,RPS18,6222,Jurkat,31300006,CRISPR/CRISPRi,0.02
RPS10-NUDT3,100529239,TSEN2,80746,K562,31300006,CRISPR/CRISPRi,0.31
RPS10-NUDT3,100529239,SKIV2L,6499,K562,31300006,CRISPR/CRISPRi,0.24
RPS10-NUDT3,100529239,TGIF2,60436,Jurkat,31300006,CRISPR/CRISPRi,0.01
RPS10-NUDT3,100529239,SMC5,23137,Jurkat,31300006,CRISPR/CRISPRi,0.02
RPS10-NUDT3,100529239,UMPS,7372,Jurkat,31300006,CRISPR/CRISPRi,0.02
BTF3,689,DDX23,9416,K562,31300006,CRISPR/CRISPRi,0.13
BTF3,689,EXOSC3,51010,K562,31300006,CRISPR/CRISPRi,0.26
BTF3,689,RPS14,6208,K562,31300006,CRISPR/CRISPRi,0.16
BTF3,689,CDC27,996,K562,31300006,CRISPR/CRISPRi,0.17
BTF3,689,NUTF2,10204,K562,31300006,CRISPR/CRISPRi,0.17
EIF4G1,1981,HSPA5,3309,K562,31300006,CRISPR/CRISPRi,0.16
EIF4G1,1981,RFC5,5985,K562,31300006,CRISPR/CRISPRi,0.18
EIF4G1,1981,NOL8,55035,K562,31300006,CRISPR/CRISPRi,0.2
EIF4G1,1981,FAM50A,9130,K562,31300006,CRISPR/CRISPRi,0.15
EIF4G1,1981,RPS10-NUDT3,100529239,K562,31300006,CRISPR/CRISPRi,0.14
TRA2B,6434,UBA3,9039,Jurkat,31300006,CRISPR/CRISPRi,0.0
MRPL27,51264,RPS10-NUDT3,100529239,K562,31300006,CRISPR/CRISPRi,0.25
MRPL27,51264,NUTF2,10204,Jurkat,31300006,CRISPR/CRISPRi,0.01
PHF5A,84844,TIMM23B,100652748,Jurkat,31300006,CRISPR/CRISPRi,0.0
PHF5A,84844,TCOF1,6949,Jurkat,31300006,CRISPR/CRISPRi,0.05
PHF5A,84844,TAZ,6901,Jurkat,31300006,CRISPR/CRISPRi,0.01
PHF5A,84844,XPO1,7514,K562;Jurkat,31300006,CRISPR/CRISPRi,0.22
PHF5A,84844,RPS10-NUDT3,100529239,K562,31300006,CRISPR/CRISPRi,0.23
PHF5A,84844,VPS29,51699,Jurkat,31300006,CRISPR/CRISPRi,0.15
PHF5A,84844,SFXN1,94081,Jurkat,31300006,CRISPR/CRISPRi,0.04
PHF5A,84844,PSMD1,5707,Jurkat,31300006,CRISPR/CRISPRi,0.08
PHF5A,84844,RAE1,8480,Jurkat,31300006,CRISPR/CRISPRi,0.11